-- MySQL dump 10.13  Distrib 8.0.38, for Win64 (x86_64)
--
-- Host: 127.0.0.1    Database: littlelemondb
-- ------------------------------------------------------
-- Server version	8.0.39

/*!40101 SET @OLD_CHARACTER_SET_CLIENT=@@CHARACTER_SET_CLIENT */;
/*!40101 SET @OLD_CHARACTER_SET_RESULTS=@@CHARACTER_SET_RESULTS */;
/*!40101 SET @OLD_COLLATION_CONNECTION=@@COLLATION_CONNECTION */;
/*!50503 SET NAMES utf8 */;
/*!40103 SET @OLD_TIME_ZONE=@@TIME_ZONE */;
/*!40103 SET TIME_ZONE='+00:00' */;
/*!40014 SET @OLD_UNIQUE_CHECKS=@@UNIQUE_CHECKS, UNIQUE_CHECKS=0 */;
/*!40014 SET @OLD_FOREIGN_KEY_CHECKS=@@FOREIGN_KEY_CHECKS, FOREIGN_KEY_CHECKS=0 */;
/*!40101 SET @OLD_SQL_MODE=@@SQL_MODE, SQL_MODE='NO_AUTO_VALUE_ON_ZERO' */;
/*!40111 SET @OLD_SQL_NOTES=@@SQL_NOTES, SQL_NOTES=0 */;

--
-- Table structure for table `bookings`
--

DROP TABLE IF EXISTS `bookings`;
/*!40101 SET @saved_cs_client     = @@character_set_client */;
/*!50503 SET character_set_client = utf8mb4 */;
CREATE TABLE `bookings` (
  `BookingID` varchar(10) NOT NULL,
  `Date` date NOT NULL,
  `TableNumber` int NOT NULL,
  `CustomerID` varchar(10) NOT NULL,
  `StaffID` varchar(10) NOT NULL,
  PRIMARY KEY (`BookingID`),
  KEY `Customer_ID_FK_idx` (`CustomerID`),
  KEY `Staff_ID_FK_idx` (`StaffID`),
  CONSTRAINT `Customer_ID_FK` FOREIGN KEY (`CustomerID`) REFERENCES `customers` (`CustomerID`) ON DELETE CASCADE ON UPDATE CASCADE,
  CONSTRAINT `Staff_ID_Bookings__FK` FOREIGN KEY (`StaffID`) REFERENCES `staff information` (`StaffID`) ON DELETE CASCADE ON UPDATE CASCADE
) ENGINE=InnoDB DEFAULT CHARSET=utf8mb3;
/*!40101 SET character_set_client = @saved_cs_client */;

--
-- Dumping data for table `bookings`
--

LOCK TABLES `bookings` WRITE;
/*!40000 ALTER TABLE `bookings` DISABLE KEYS */;
INSERT INTO `bookings` VALUES ('B001','2024-09-01',1,'C001','H056'),('B002','2024-09-01',2,'C002','H034'),('B003','2024-09-02',3,'C003','H023'),('B004','2024-09-02',4,'C004','H018'),('B005','2024-09-03',5,'C005','H018'),('B006','2024-09-03',6,'C006','H023'),('B007','2024-09-04',7,'C007','H046'),('B008','2024-09-04',8,'C008','H010'),('B009','2024-09-05',9,'C009','H039'),('B010','2024-09-05',10,'C010','H010'),('B011','2024-09-06',11,'C011','H023'),('B012','2024-09-06',12,'C012','H029'),('B013','2024-09-07',13,'C013','H039'),('B014','2024-09-07',14,'C014','H056'),('B015','2024-09-08',15,'C015','H056'),('B016','2024-09-08',16,'C016','H018'),('B017','2024-09-09',17,'C017','H056'),('B018','2024-09-09',18,'C018','H018'),('B019','2024-09-10',19,'C019','H046'),('B020','2024-09-10',20,'C020','H023'),('B021','2024-09-11',21,'C021','H005'),('B022','2024-09-11',22,'C022','H010'),('B023','2024-09-12',23,'C023','H010'),('B024','2024-09-12',24,'C024','H005'),('B025','2024-09-13',25,'C025','H018'),('B026','2024-09-13',26,'C026','H005'),('B027','2024-09-14',27,'C027','H005'),('B028','2024-09-14',28,'C028','H023'),('B029','2024-09-15',29,'C029','H046'),('B030','2024-09-15',30,'C030','H046'),('B031','2024-09-16',31,'C031','H034'),('B032','2024-09-16',32,'C032','H034'),('B033','2024-09-17',33,'C033','H056'),('B034','2024-09-17',34,'C034','H023'),('B035','2024-09-18',35,'C035','H056'),('B036','2024-09-18',36,'C036','H023'),('B037','2024-09-19',37,'C037','H018'),('B038','2024-09-19',38,'C038','H010'),('B039','2024-09-20',39,'C039','H039'),('B040','2024-09-20',40,'C040','H034'),('B041','2024-09-21',41,'C041','H018'),('B042','2024-09-21',42,'C042','H039'),('B043','2024-09-22',43,'C043','H023'),('B044','2024-09-22',44,'C044','H039'),('B045','2024-09-23',45,'C045','H018'),('B046','2024-09-23',46,'C046','H056'),('B047','2024-09-24',47,'C047','H056'),('B048','2024-09-24',48,'C048','H046'),('B049','2024-09-25',49,'C049','H010'),('B050','2024-09-25',50,'C050','H005'),('B051','2024-09-26',1,'C001','H046'),('B101','2024-09-26',1,'C051','H005'),('B102','2024-09-26',2,'C052','H010'),('B103','2024-09-27',3,'C053','H018'),('B104','2024-09-27',4,'C054','H023'),('B105','2024-09-28',5,'C055','H029'),('B106','2024-09-28',6,'C056','H034'),('B107','2024-09-29',7,'C057','H039'),('B108','2024-09-29',8,'C058','H046'),('B109','2024-09-30',9,'C059','H005'),('B110','2024-09-30',10,'C060','H010'),('B111','2024-10-01',11,'C061','H018'),('B112','2024-10-01',12,'C062','H023'),('B113','2024-10-02',13,'C063','H029'),('B114','2024-10-02',14,'C064','H034'),('B115','2024-10-03',15,'C065','H039'),('B116','2024-10-03',16,'C066','H046'),('B117','2024-10-04',17,'C067','H005'),('B118','2024-10-04',18,'C068','H010'),('B119','2024-10-05',19,'C069','H018'),('B120','2024-10-05',20,'C070','H023'),('B121','2024-10-06',21,'C071','H029'),('B122','2024-10-06',22,'C072','H034'),('B123','2024-10-07',23,'C073','H039'),('B124','2024-10-07',24,'C074','H046'),('B125','2024-10-08',25,'C075','H005'),('B126','2024-10-08',26,'C076','H010'),('B127','2024-10-09',27,'C077','H018'),('B128','2024-10-09',28,'C078','H023'),('B129','2024-10-10',29,'C079','H029'),('B130','2024-10-10',30,'C080','H034'),('B131','2024-10-11',31,'C081','H039'),('B132','2024-10-11',32,'C082','H046'),('B133','2024-10-12',33,'C083','H005'),('B134','2024-10-12',34,'C084','H010'),('B135','2024-10-13',35,'C085','H018'),('B136','2024-10-13',36,'C086','H023'),('B137','2024-10-14',37,'C087','H029'),('B138','2024-10-14',38,'C088','H034'),('B139','2024-10-15',39,'C089','H039'),('B140','2024-10-15',40,'C090','H046'),('B141','2024-10-16',41,'C091','H005'),('B142','2024-10-16',42,'C092','H010'),('B143','2024-10-17',43,'C093','H018'),('B144','2024-10-17',44,'C094','H023'),('B145','2024-10-18',45,'C095','H029'),('B146','2024-10-18',46,'C096','H034'),('B147','2024-10-19',47,'C097','H039'),('B148','2024-10-19',48,'C098','H046'),('B149','2024-10-20',49,'C099','H005'),('B150','2024-10-20',50,'C100','H010');
/*!40000 ALTER TABLE `bookings` ENABLE KEYS */;
UNLOCK TABLES;

--
-- Table structure for table `customers`
--

DROP TABLE IF EXISTS `customers`;
/*!40101 SET @saved_cs_client     = @@character_set_client */;
/*!50503 SET character_set_client = utf8mb4 */;
CREATE TABLE `customers` (
  `CustomerID` varchar(10) NOT NULL,
  `FirstName` varchar(50) NOT NULL,
  `LastName` varchar(50) NOT NULL,
  `ContactNumber` varchar(15) NOT NULL,
  `Email` varchar(100) NOT NULL,
  `StreetAddress` varchar(100) NOT NULL,
  `City` varchar(50) NOT NULL,
  `State` varchar(50) NOT NULL,
  `PostalCode` varchar(10) NOT NULL,
  PRIMARY KEY (`CustomerID`),
  UNIQUE KEY `Email_UNIQUE` (`Email`)
) ENGINE=InnoDB DEFAULT CHARSET=utf8mb3;
/*!40101 SET character_set_client = @saved_cs_client */;

--
-- Dumping data for table `customers`
--

LOCK TABLES `customers` WRITE;
/*!40000 ALTER TABLE `customers` DISABLE KEYS */;
INSERT INTO `customers` VALUES ('C001','John','Doe','415-555-0190','john.doe@yahoo.com','123 Elm St','San Francisco','California','94101'),('C002','Jane','Smith','212-555-0191','jane.smith@yahoo.com','456 Maple Ave','New York','New York','10001'),('C003','James','Johnson','305-555-0192','james.johnson@yahoo.com','789 Pine Rd','Miami','Florida','33101'),('C004','Mary','Williams','206-555-0193','mary.williams@outlook.com','101 Oak St','Seattle','Washington','98101'),('C005','Michael','Brown','312-555-0194','michael.brown@yahoo.com','202 Birch Blvd','Chicago','Illinois','60601'),('C006','Emily','Jones','512-555-0195','emily.jones@outlook.com','303 Cedar Dr','Austin','Texas','73301'),('C007','David','Garcia','404-555-0196','david.garcia@gmail.com','404 Spruce St','Atlanta','Georgia','30301'),('C008','Sarah','Martinez','602-555-0197','sarah.martinez@yahoo.com','505 Palm Ave','Phoenix','Arizona','85001'),('C009','William','Rodriguez','503-555-0198','william.rodriguez@yahoo.com','606 Willow St','Portland','Oregon','97201'),('C010','Jessica','Hernandez','415-555-0199','jessica.hernandez@outlook.com','707 Ash Rd','San Jose','California','95101'),('C011','Daniel','Lopez','212-555-0200','daniel.lopez@gmail.com','808 Dogwood Ln','New York','New York','10001'),('C012','Laura','Gonzalez','305-555-0201','laura.gonzalez@yahoo.com','909 Magnolia St','Miami','Florida','33101'),('C013','Joseph','Wilson','206-555-0202','joseph.wilson@gmail.com','1011 Pine St','Seattle','Washington','98101'),('C014','Ashley','Anderson','312-555-0203','ashley.anderson@outlook.com','1112 Birch Blvd','Chicago','Illinois','60601'),('C015','Ryan','Thomas','512-555-0204','ryan.thomas@outlook.com','1213 Cedar Dr','Austin','Texas','73301'),('C016','Sophia','Taylor','404-555-0205','sophia.taylor@outlook.com','1314 Spruce St','Atlanta','Georgia','30301'),('C017','Ethan','Moore','602-555-0206','ethan.moore@gmail.com','1415 Palm Ave','Phoenix','Arizona','85001'),('C018','Chloe','Jackson','503-555-0207','chloe.jackson@yahoo.com','1516 Willow St','Portland','Oregon','97201'),('C019','Matthew','Martin','415-555-0208','matthew.martin@yahoo.com','1617 Ash Rd','San Francisco','California','94101'),('C020','Isabella','Lee','212-555-0209','isabella.lee@outlook.com','1718 Dogwood Ln','New York','New York','10001'),('C021','Joshua','Perez','305-555-0210','joshua.perez@gmail.com','1819 Magnolia St','Miami','Florida','33101'),('C022','Grace','Thompson','206-555-0211','grace.thompson@yahoo.com','1920 Pine St','Seattle','Washington','98101'),('C023','Samuel','White','312-555-0212','samuel.white@yahoo.com','2021 Birch Blvd','Chicago','Illinois','60601'),('C024','Ava','Harris','512-555-0213','ava.harris@gmail.com','2122 Cedar Dr','Austin','Texas','73301'),('C025','Henry','Sanchez','404-555-0214','henry.sanchez@yahoo.com','2223 Spruce St','Atlanta','Georgia','30301'),('C026','Ella','Clark','602-555-0215','ella.clark@gmail.com','2324 Palm Ave','Phoenix','Arizona','85001'),('C027','Jack','Robinson','503-555-0216','jack.robinson@gmail.com','2425 Willow St','Portland','Oregon','97201'),('C028','Liam','Lewis','415-555-0217','liam.lewis@yahoo.com','2526 Ash Rd','San Francisco','California','94101'),('C029','Mia','Lee','212-555-0218','mia.lee@yahoo.com','2627 Dogwood Ln','New York','New York','10001'),('C030','Lucas','Walker','305-555-0219','lucas.walker@outlook.com','2728 Magnolia St','Miami','Florida','33101'),('C031','Zoe','Hall','206-555-0220','zoe.hall@gmail.com','2829 Pine St','Seattle','Washington','98101'),('C032','Daniel','Young','312-555-0221','daniel.young@gmail.com','2930 Birch Blvd','Chicago','Illinois','60601'),('C033','Nora','King','512-555-0222','nora.king@yahoo.com','3031 Cedar Dr','Austin','Texas','73301'),('C034','William','Wright','404-555-0223','william.wright@outlook.com','3132 Spruce St','Atlanta','Georgia','30301'),('C035','Lily','Scott','602-555-0224','lily.scott@gmail.com','3233 Palm Ave','Phoenix','Arizona','85001'),('C036','James','Green','503-555-0225','james.green@yahoo.com','3334 Willow St','Portland','Oregon','97201'),('C037','Emily','Adams','415-555-0226','emily.adams@gmail.com','3435 Ash Rd','San Francisco','California','94101'),('C038','Benjamin','Nelson','212-555-0227','benjamin.nelson@yahoo.com','3536 Dogwood Ln','New York','New York','10001'),('C039','Sofia','Carter','305-555-0228','sofia.carter@gmail.com','3637 Magnolia St','Miami','Florida','33101'),('C040','Alexander','Mitchell','206-555-0229','alexander.mitchell@outlook.com','3738 Pine St','Seattle','Washington','98101'),('C041','Charlotte','Perez','312-555-0230','charlotte.perez@outlook.com','3839 Birch Blvd','Chicago','Illinois','60601'),('C042','Michael','Roberts','512-555-0231','michael.roberts@gmail.com','3940 Cedar Dr','Austin','Texas','73301'),('C043','Olivia','Turner','404-555-0232','olivia.turner@yahoo.com','4041 Spruce St','Atlanta','Georgia','30301'),('C044','Matthew','Phillips','602-555-0233','matthew.phillips@yahoo.com','4142 Palm Ave','Phoenix','Arizona','85001'),('C045','Abigail','Campbell','503-555-0234','abigail.campbell@outlook.com','4243 Willow St','Portland','Oregon','97201'),('C046','Ethan','Parker','415-555-0235','ethan.parker@gmail.com','4344 Ash Rd','San Francisco','California','94101'),('C047','Liam','Evans','212-555-0236','liam.evans@yahoo.com','4445 Dogwood Ln','New York','New York','10001'),('C048','Mason','Edwards','305-555-0237','mason.edwards@gmail.com','4546 Magnolia St','Miami','Florida','33101'),('C049','Ella','Collins','206-555-0238','ella.collins@yahoo.com','4647 Pine St','Seattle','Washington','98101'),('C050','Sophia','Stewart','312-555-0239','sophia.stewart@gmail.com','4748 Birch Blvd','Chicago','Illinois','60601'),('C051','Jack','Wilson','415-555-0250','jack.wilson@gmail.com','123 Elm St','San Francisco','California','94101'),('C052','Olivia','Johnson','212-555-0251','olivia.johnson@gmail.com','456 Maple Ave','New York','New York','10001'),('C053','Noah','Garcia','305-555-0252','noah.garcia@outlook.com','789 Pine Rd','Miami','Florida','33101'),('C054','Emma','Martinez','206-555-0253','emma.martinez@yahoo.com','101 Oak St','Seattle','Washington','98101'),('C055','Liam','Brown','312-555-0254','liam.brown@gmail.com','202 Birch Blvd','Chicago','Illinois','60601'),('C056','Sophia','Davis','512-555-0255','sophia.davis@yahoo.com','303 Cedar Dr','Austin','Texas','73301'),('C057','William','Hernandez','404-555-0256','william.hernandez@gmail.com','404 Spruce St','Atlanta','Georgia','30301'),('C058','Mia','Rodriguez','602-555-0257','mia.rodriguez@outlook.com','505 Palm Ave','Phoenix','Arizona','85001'),('C059','James','Martinez','503-555-0258','james.martinez@yahoo.com','606 Willow St','Portland','Oregon','97201'),('C060','Isabella','Lopez','415-555-0259','isabella.lopez@outlook.com','707 Ash Rd','San Jose','California','95101'),('C061','Lucas','Taylor','212-555-0260','lucas.taylor@yahoo.com','808 Dogwood Ln','New York','New York','10001'),('C062','Ava','Anderson','305-555-0261','ava.anderson@yahoo.com','909 Magnolia St','Miami','Florida','33101'),('C063','Elijah','White','206-555-0262','elijah.white@yahoo.com','1011 Pine St','Seattle','Washington','98101'),('C064','Emily','Jackson','312-555-0263','emily.jackson@yahoo.com','1112 Birch Blvd','Chicago','Illinois','60601'),('C065','Alexander','Harris','512-555-0264','alexander.harris@yahoo.com','1213 Cedar Dr','Austin','Texas','73301'),('C066','Sofia','Clark','404-555-0265','sofia.clark@gmail.com','1314 Spruce St','Atlanta','Georgia','30301'),('C067','Aiden','Lewis','602-555-0266','aiden.lewis@yahoo.com','1415 Palm Ave','Phoenix','Arizona','85001'),('C068','Charlotte','Young','503-555-0267','charlotte.young@outlook.com','1516 Willow St','Portland','Oregon','97201'),('C069','Caleb','King','415-555-0268','caleb.king@yahoo.com','1617 Ash Rd','San Francisco','California','94101'),('C070','Zoe','Wright','212-555-0269','zoe.wright@gmail.com','1718 Dogwood Ln','New York','New York','10001'),('C071','Henry','Scott','305-555-0270','henry.scott@gmail.com','1819 Magnolia St','Miami','Florida','33101'),('C072','Scarlett','Green','206-555-0271','scarlett.green@yahoo.com','1920 Pine St','Seattle','Washington','98101'),('C073','Sebastian','Adams','312-555-0272','sebastian.adams@gmail.com','2021 Birch Blvd','Chicago','Illinois','60601'),('C074','Aria','Robinson','512-555-0273','aria.robinson@gmail.com','2122 Cedar Dr','Austin','Texas','73301'),('C075','Jack','Nelson','404-555-0274','jack.nelson@yahoo.com','2223 Spruce St','Atlanta','Georgia','30301'),('C076','Victoria','Carter','602-555-0275','victoria.carter@yahoo.com','2324 Palm Ave','Phoenix','Arizona','85001'),('C077','Wyatt','Mitchell','503-555-0276','wyatt.mitchell@yahoo.com','2425 Willow St','Portland','Oregon','97201'),('C078','Chloe','Perez','415-555-0277','chloe.perez@yahoo.com','2526 Ash Rd','San Francisco','California','94101'),('C079','Ethan','Baker','212-555-0278','ethan.baker@gmail.com','2627 Dogwood Ln','New York','New York','10001'),('C080','Ella','Turner','305-555-0279','ella.turner@yahoo.com','2728 Magnolia St','Miami','Florida','33101'),('C081','Logan','Young','206-555-0280','logan.young@gmail.com','2829 Pine St','Seattle','Washington','98101'),('C082','Grace','Roberts','312-555-0281','grace.roberts@yahoo.com','2930 Birch Blvd','Chicago','Illinois','60601'),('C083','Liam','Hernandez','512-555-0282','liam.hernandez@yahoo.com','3031 Cedar Dr','Austin','Texas','73301'),('C084','Aria','Clark','404-555-0283','aria.clark@outlook.com','3132 Spruce St','Atlanta','Georgia','30301'),('C085','Elena','Adams','602-555-0284','elena.adams@outlook.com','3233 Palm Ave','Phoenix','Arizona','85001'),('C086','Benjamin','Lewis','503-555-0285','benjamin.lewis@gmail.com','3334 Willow St','Portland','Oregon','97201'),('C087','Hannah','Smith','415-555-0286','hannah.smith@outlook.com','3435 Ash Rd','San Francisco','California','94101'),('C088','Isaac','Martinez','212-555-0287','isaac.martinez@outlook.com','3536 Dogwood Ln','New York','New York','10001'),('C089','Addison','Walker','305-555-0288','addison.walker@outlook.com','3637 Magnolia St','Miami','Florida','33101'),('C090','Nathan','Carter','206-555-0289','nathan.carter@gmail.com','3738 Pine St','Seattle','Washington','98101'),('C091','Lily','Robinson','312-555-0290','lily.robinson@yahoo.com','3839 Birch Blvd','Chicago','Illinois','60601'),('C092','Dylan','Garcia','512-555-0291','dylan.garcia@yahoo.com','3940 Cedar Dr','Austin','Texas','73301'),('C093','Samantha','Nelson','404-555-0292','samantha.nelson@gmail.com','4041 Spruce St','Atlanta','Georgia','30301'),('C094','Carter','Phillips','602-555-0293','carter.phillips@yahoo.com','4142 Palm Ave','Phoenix','Arizona','85001'),('C095','Avery','Evans','503-555-0294','avery.evans@yahoo.com','4243 Willow St','Portland','Oregon','97201'),('C096','Luke','Murphy','415-555-0295','luke.murphy@gmail.com','4344 Ash Rd','San Francisco','California','94101'),('C097','Grace','Rogers','212-555-0296','grace.rogers@gmail.com','4445 Dogwood Ln','New York','New York','10001'),('C098','Madison','James','305-555-0297','madison.james@yahoo.com','4546 Magnolia St','Miami','Florida','33101'),('C099','David','Martinez','206-555-0298','david.martinez@yahoo.com','4647 Pine St','Seattle','Washington','98101'),('C100','Chloe','Wilson','312-555-0299','chloe.wilson@gmail.com','4748 Birch Blvd','Chicago','Illinois','60601'),('C101','Evelyn','Morris','404-555-0300','evelyn.morris@gmail.com','123 Main St','Boston','Massachusetts','02108'),('C102','James','Stewart','512-555-0301','james.stewart@yahoo.com','456 Hill St','Denver','Colorado','80202'),('C103','Charlotte','Jenkins','615-555-0302','charlotte.jenkins@yahoo.com','789 River Rd','Nashville','Tennessee','37201'),('C104','Daniel','Hall','718-555-0303','daniel.hall@yahoo.com','1011 Broadway St','New York','New York','10010'),('C105','Aaliyah','Young','404-555-0304','aaliyah.young@gmail.com','1212 Pacific Ave','San Diego','California','92101'),('C106','Matthew','Bennett','205-555-0305','matthew.bennett@yahoo.com','1313 Cherry St','Birmingham','Alabama','35203'),('C107','Sofia','Cook','314-555-0306','sofia.cook@yahoo.com','1414 Maple St','Kansas City','Missouri','64106'),('C108','Liam','Harris','415-555-0307','liam.harris@yahoo.com','1515 Cedar St','Portland','Oregon','97201'),('C109','Isabella','Ward','515-555-0308','isabella.ward@gmail.com','1616 Walnut St','Omaha','Nebraska','68102'),('C110','William','Price','615-555-0309','william.price@yahoo.com','1717 Elm St','Atlanta','Georgia','30301'),('C111','Olivia','Reed','717-555-0310','olivia.reed@outlook.com','1818 Oak St','Philadelphia','Pennsylvania','19102'),('C112','David','Cook','818-555-0311','david.cook@yahoo.com','1920 Ash St','Phoenix','Arizona','85001'),('C113','Zoe','Morris','919-555-0312','zoe.morris@gmail.com','2021 Birch St','Salt Lake City','Utah','84101'),('C114','James','James','102-555-0313','james.james@yahoo.com','2122 Palm St','Miami','Florida','33101'),('C115','Ella','Baker','212-555-0314','ella.baker@yahoo.com','2223 Magnolia St','Jacksonville','Florida','32201'),('C116','Jacob','White','312-555-0315','jacob.white@yahoo.com','2324 Cedar Blvd','Milwaukee','Wisconsin','53201'),('C117','Grace','Hall','413-555-0316','grace.hall@gmail.com','2425 Pine St','Virginia Beach','Virginia','23451'),('C118','Logan','Adams','514-555-0317','logan.adams@gmail.com','2526 Spruce St','Seattle','Washington','98101'),('C119','Mia','Roberts','615-555-0318','mia.roberts@yahoo.com','2627 Chestnut St','Baltimore','Maryland','21201'),('C120','Ethan','Evans','716-555-0319','ethan.evans@yahoo.com','2728 Oakwood St','Atlanta','Georgia','30301'),('C121','Ava','Sullivan','817-555-0320','ava.sullivan@yahoo.com','2829 Maple St','Sacramento','California','95814'),('C122','Lucas','Torres','918-555-0321','lucas.torres@gmail.com','2930 Hill St','Louisville','Kentucky','40202'),('C123','Chloe','Flores','102-555-0322','chloe.flores@gmail.com','3031 Park St','Cincinnati','Ohio','45202'),('C124','Jackson','Murray','203-555-0323','jackson.murray@yahoo.com','3132 Walnut St','New Orleans','Louisiana','70112'),('C125','Lily','Hunter','304-555-0324','lily.hunter@gmail.com','3233 Sycamore St','Tampa','Florida','33601'),('C126','William','Cox','405-555-0325','william.cox@yahoo.com','3334 Evergreen St','Pittsburgh','Pennsylvania','15201'),('C127','Harper','Ramirez','506-555-0326','harper.ramirez@yahoo.com','3435 Birch St','Houston','Texas','77001'),('C128','Daniel','Kim','607-555-0327','daniel.kim@gmail.com','3536 Palm Ave','Orlando','Florida','32801'),('C129','Evelyn','Woods','708-555-0328','evelyn.woods@outlook.com','3637 Cedar Blvd','San Jose','California','95101'),('C130','Jack','Morales','809-555-0329','jack.morales@gmail.com','3738 Magnolia St','Indianapolis','Indiana','46201'),('C131','Emma','Burke','910-555-0330','emma.burke@yahoo.com','3839 Pine St','Charlotte','North Carolina','28201'),('C132','Oliver','Mason','101-555-0331','oliver.mason@yahoo.com','3940 Oak St','Columbus','Ohio','43215'),('C133','Ava','Foster','202-555-0332','ava.foster@outlook.com','4041 Birch St','Boulder','Colorado','80301'),('C134','Liam','Palmer','303-555-0333','liam.palmer@outlook.com','4142 Chestnut St','Madison','Wisconsin','53703'),('C135','Emily','Vasquez','404-555-0334','emily.vasquez@yahoo.com','4243 Hill St','Raleigh','North Carolina','27601'),('C136','Lucas','Chapman','505-555-0335','lucas.chapman@yahoo.com','4344 Sycamore St','Virginia Beach','Virginia','23451'),('C137','Grace','Hart','606-555-0336','grace.hart@gmail.com','4445 Oakwood St','Fresno','California','93701'),('C138','Elijah','Murphy','707-555-0337','elijah.murphy@gmail.com','4546 Maple St','Phoenix','Arizona','85001'),('C139','Sophia','Wright','808-555-0338','sophia.wright@yahoo.com','4647 Chestnut St','Tucson','Arizona','85701'),('C140','Aiden','Gray','909-555-0339','aiden.gray@gmail.com','4748 Palm Ave','Seattle','Washington','98101'),('C141','Scarlett','Bryant','101-555-0340','scarlett.bryant@yahoo.com','4849 Cedar Blvd','Tampa','Florida','33601'),('C142','Caleb','Holland','202-555-0341','caleb.holland@outlook.com','4950 Birch St','Newark','New Jersey','07101'),('C143','Aria','Simmons','303-555-0342','aria.simmons@gmail.com','5051 Maple St','Cleveland','Ohio','44101'),('C144','Noah','Long','404-555-0343','noah.long@outlook.com','5152 Oak St','Detroit','Michigan','48201'),('C145','Mia','Daniel','505-555-0344','mia.daniel@gmail.com','5253 Pine St','Omaha','Nebraska','68101'),('C146','Evelyn','Bradley','606-555-0345','evelyn.bradley@gmail.com','5354 Cedar Blvd','Salt Lake City','Utah','84101'),('C147','James','Washington','707-555-0346','james.washington@yahoo.com','5455 Cherry St','Philadelphia','Pennsylvania','19101'),('C148','Sophia','Lee','808-555-0347','sophia.lee@gmail.com','5556 Maple St','Baltimore','Maryland','21201'),('C149','Lucas','Carter','909-555-0348','lucas.carter@yahoo.com','5657 Oak St','Cincinnati','Ohio','45201'),('C150','Ava','Stevens','101-555-0349','ava.stevens@gmail.com','5758 Elm St','Milwaukee','Wisconsin','53201'),('C151','Emily','Smith','803-555-1001','emily.smith@outlook.com','123 Elm St','Charleston','South Carolina','29401'),('C152','Michael','Johnson','803-555-1002','michael.johnson@yahoo.com','456 Maple Ave','Columbia','South Carolina','29201'),('C153','Sarah','Williams','864-555-1003','sarah.williams@outlook.com','789 Pine Rd','Greenville','South Carolina','29601'),('C154','David','Brown','803-555-1004','david.brown@yahoo.com','101 Oak St','Spartanburg','South Carolina','29301'),('C155','Jessica','Jones','864-555-1005','jessica.jones@outlook.com','202 Birch Blvd','Myrtle Beach','South Carolina','29577'),('C156','Daniel','Garcia','803-555-1006','daniel.garcia@outlook.com','303 Cedar Dr','Aiken','South Carolina','29801'),('C157','Laura','Martinez','864-555-1007','laura.martinez@gmail.com','404 Spruce St','North Augusta','South Carolina','29841'),('C158','Matthew','Hernandez','803-555-1008','matthew.hernandez@gmail.com','505 Palm Ave','Rock Hill','South Carolina','29730'),('C159','Sophia','King','864-555-1009','sophia.king@outlook.com','606 Willow St','Hilton Head','South Carolina','29928'),('C160','James','Lee','803-555-1010','james.lee@outlook.com','707 Ash Rd','Sumter','South Carolina','29150'),('C161','Mia','Gonzalez','864-555-1011','mia.gonzalez@outlook.com','808 Dogwood Ln','Lexington','South Carolina','29072'),('C162','Ethan','Lopez','803-555-1012','ethan.lopez@yahoo.com','909 Magnolia St','Greer','South Carolina','29650'),('C163','Ava','Wilson','864-555-1013','ava.wilson@gmail.com','1011 Pine St','Anderson','South Carolina','29621'),('C164','Noah','Moore','803-555-1014','noah.moore@gmail.com','1112 Birch Blvd','Florence','South Carolina','29501'),('C165','Isabella','Taylor','864-555-1015','isabella.taylor@yahoo.com','1213 Cedar Dr','Orangeburg','South Carolina','29115'),('C166','Liam','Anderson','803-555-1016','liam.anderson@gmail.com','1314 Spruce St','Sumter','South Carolina','29150'),('C167','Zoe','Thomas','864-555-1017','zoe.thomas@yahoo.com','1415 Palm Ave','Greenville','South Carolina','29601'),('C168','Lucas','Jackson','803-555-1018','lucas.jackson@yahoo.com','1516 Willow St','Myrtle Beach','South Carolina','29577'),('C169','Chloe','White','864-555-1019','chloe.white@yahoo.com','1617 Ash Rd','Columbia','South Carolina','29201'),('C170','Emily','Smith','803-555-1001','emily.smith170@gmail.com','123 Elm St','Charleston','South Carolina','29401'),('C171','Michael','Johnson','703-555-1002','michael.johnson171@outlook.com','456 Maple Ave','Richmond','Virginia','23220'),('C172','Sarah','Williams','602-555-1003','sarah.williams172@gmail.com','789 Pine Rd','Phoenix','Arizona','85001'),('C173','David','Brown','312-555-1004','david.brown173@yahoo.com','101 Oak St','Chicago','Illinois','60601'),('C174','Jessica','Jones','404-555-1005','jessica.jones174@gmail.com','202 Birch Blvd','Atlanta','Georgia','30301'),('C175','Daniel','Garcia','720-555-1006','daniel.garcia175@yahoo.com','303 Cedar Dr','Denver','Colorado','80201'),('C176','Laura','Martinez','425-555-1007','laura.martinez176@yahoo.com','404 Spruce St','Seattle','Washington','98101'),('C177','Matthew','Hernandez','503-555-1008','matthew.hernandez177@outlook.com','505 Palm Ave','Portland','Oregon','97201'),('C178','Sophia','King','310-555-1009','sophia.king178@yahoo.com','606 Willow St','Los Angeles','California','90001'),('C179','James','Lee','617-555-1010','james.lee179@yahoo.com','707 Ash Rd','Boston','Massachusetts','02101'),('C180','Mia','Gonzalez','212-555-1011','mia.gonzalez180@gmail.com','808 Dogwood Ln','New York','New York','10001'),('C181','Ethan','Lopez','305-555-1012','ethan.lopez181@outlook.com','909 Magnolia St','Miami','Florida','33101'),('C182','Ava','Wilson','214-555-1013','ava.wilson182@yahoo.com','1011 Pine St','Dallas','Texas','75201'),('C183','Noah','Moore','202-555-1014','noah.moore183@yahoo.com','1112 Birch Blvd','Washington','D.C.','20001'),('C184','Isabella','Taylor','617-555-1015','isabella.taylor184@yahoo.com','1213 Cedar Dr','Boston','Massachusetts','02101'),('C185','Liam','Anderson','314-555-1016','liam.anderson185@gmail.com','1314 Spruce St','St. Louis','Missouri','63101'),('C186','Zoe','Thomas','586-555-1017','zoe.thomas186@yahoo.com','1415 Palm Ave','Detroit','Michigan','48201'),('C187','Lucas','Jackson','415-555-1018','lucas.jackson187@yahoo.com','1516 Willow St','San Francisco','California','94101'),('C188','Chloe','White','502-555-1019','chloe.white188@outlook.com','1617 Ash Rd','Louisville','Kentucky','40201'),('C189','Henry','Scott','303-555-1020','henry.scott189@yahoo.com','1718 Dogwood Ln','Denver','Colorado','80201'),('C190','Scarlett','Green','503-555-1021','scarlett.green190@gmail.com','1819 Magnolia St','Portland','Oregon','97201'),('C191','Sebastian','Adams','414-555-1022','sebastian.adams191@gmail.com','1920 Pine St','Milwaukee','Wisconsin','53201'),('C192','Aria','Robinson','703-555-1023','aria.robinson192@yahoo.com','2021 Birch Blvd','Arlington','Virginia','22201'),('C193','Jack','Nelson','901-555-1024','jack.nelson193@outlook.com','2122 Cedar Dr','Memphis','Tennessee','38101'),('C194','Victoria','Carter','305-555-1025','victoria.carter194@yahoo.com','2223 Spruce St','Miami','Florida','33101'),('C195','Wyatt','Mitchell','404-555-1026','wyatt.mitchell195@outlook.com','2324 Palm Ave','Atlanta','Georgia','30301'),('C196','Chloe','Perez','408-555-1027','chloe.perez196@yahoo.com','2425 Willow St','San Jose','California','95101'),('C197','Ethan','Baker','612-555-1028','ethan.baker197@outlook.com','2526 Ash Rd','Minneapolis','Minnesota','55401'),('C198','Ella','Turner','617-555-1029','ella.turner198@gmail.com','2627 Dogwood Ln','Cambridge','Massachusetts','02139'),('C199','Logan','Young','702-555-1030','logan.young199@yahoo.com','2728 Magnolia St','Las Vegas','Nevada','89101'),('C200','Olivia','Cox','510-555-1031','olivia.cox200@yahoo.com','2829 Elm St','Oakland','California','94601'),('C201','Aiden','Harris','303-555-1032','aiden.harris201@gmail.com','2930 Maple Ave','Denver','Colorado','80201'),('C202','Emma','Hall','405-555-1033','emma.hall202@yahoo.com','3031 Oak St','Oklahoma City','Oklahoma','73101'),('C203','Sophia','Allen','503-555-1034','sophia.allen203@outlook.com','3132 Pine Rd','Portland','Oregon','97201'),('C204','Mason','Adams','312-555-1035','mason.adams204@gmail.com','3233 Birch Blvd','Chicago','Illinois','60601'),('C205','Ava','Brooks','612-555-1036','ava.brooks205@outlook.com','3334 Cedar Dr','Minneapolis','Minnesota','55401');
/*!40000 ALTER TABLE `customers` ENABLE KEYS */;
UNLOCK TABLES;

--
-- Table structure for table `menus`
--

DROP TABLE IF EXISTS `menus`;
/*!40101 SET @saved_cs_client     = @@character_set_client */;
/*!50503 SET character_set_client = utf8mb4 */;
CREATE TABLE `menus` (
  `MenuItemID` int NOT NULL AUTO_INCREMENT,
  `Category` varchar(50) NOT NULL,
  `Name` varchar(100) NOT NULL,
  `Price` decimal(10,2) NOT NULL,
  PRIMARY KEY (`MenuItemID`)
) ENGINE=InnoDB AUTO_INCREMENT=58 DEFAULT CHARSET=utf8mb3;
/*!40101 SET character_set_client = @saved_cs_client */;

--
-- Dumping data for table `menus`
--

LOCK TABLES `menus` WRITE;
/*!40000 ALTER TABLE `menus` DISABLE KEYS */;
INSERT INTO `menus` VALUES (1,'Appetizer','Caesar Salad',7.99),(2,'Main Course','Grilled Chicken',15.50),(3,'Dessert','Chocolate Cake',6.25),(4,'Main Course','Margherita Pizza',12.00),(5,'Beverage','Lemonade',3.50),(6,'Dessert','Tiramisu',7.00),(7,'Main Course','Pasta Alfredo',13.75),(8,'Beverage','Cappuccino',4.25),(9,'Appetizer','Garlic Bread',5.50),(10,'Beverage','Orange Juice',3.25),(11,'Dessert','Cheesecake',6.50),(12,'Main Course','Fish Tacos',14.50),(13,'Beverage','Iced Tea',2.75),(14,'Appetizer','Bruschetta',6.50),(15,'Main Course','Beef Stroganoff',17.00),(16,'Dessert','Apple Pie',5.00),(17,'Beverage','Sparkling Water',2.00),(18,'Main Course','Vegetable Stir Fry',11.50),(19,'Appetizer','Stuffed Mushrooms',8.00),(20,'Dessert','Panna Cotta',6.75),(21,'Beverage','Hot Chocolate',3.75),(22,'Appetizer','Spinach Dip',7.25),(23,'Main Course','Lamb Chops',22.00),(24,'Dessert','Brownie Sundae',7.50),(25,'Beverage','Mint Mojito',4.50),(26,'Main Course','Shrimp Scampi',19.00),(27,'Appetizer','Chicken Wings',9.00),(28,'Dessert','Lemon Tart',6.00),(29,'Beverage','Peach Iced Tea',3.25),(30,'Appetizer','Caprese Salad',8.50),(31,'Main Course','Pork Tenderloin',18.50),(32,'Dessert','Pavlova',6.75),(33,'Beverage','Berry Smoothie',4.00),(34,'Main Course','Quinoa Salad',12.00),(35,'Appetizer','Fish Ceviche',9.50),(36,'Dessert','Mango Sticky Rice',5.75),(37,'Beverage','Lemon Basil Soda',3.50),(38,'Appetizer','Onion Rings',5.00),(39,'Main Course','Baked Ziti',14.00),(40,'Dessert','Fruit Salad',4.50),(41,'Beverage','Apple Cider',3.00),(42,'Main Course','Chicken Alfredo',15.00),(43,'Appetizer','Pork Sliders',9.00),(44,'Dessert','Chocolate Mousse',7.25),(45,'Beverage','Coconut Water',2.50),(46,'Main Course','Eggplant Parmesan',14.50),(47,'Appetizer','Nachos',8.00),(48,'Dessert','Key Lime Pie',6.00),(49,'Beverage','Raspberry Lemonade',3.75),(50,'Main Course','Turkey Burger',13.00),(51,'Appetizer','Meatballs',8.50),(52,'Dessert','Vanilla Ice Cream',4.00),(53,'Beverage','Fizzy Lemonade',2.75),(54,'Main Course','Seafood Paella',20.00),(55,'Appetizer','Antipasto Platter',10.00),(56,'Dessert','Chocolate Chip Cookies',5.25),(57,'Beverage','Ginger Ale',2.50);
/*!40000 ALTER TABLE `menus` ENABLE KEYS */;
UNLOCK TABLES;

--
-- Table structure for table `order delivery status`
--

DROP TABLE IF EXISTS `order delivery status`;
/*!40101 SET @saved_cs_client     = @@character_set_client */;
/*!50503 SET character_set_client = utf8mb4 */;
CREATE TABLE `order delivery status` (
  `DeliveryID` int NOT NULL AUTO_INCREMENT,
  `OrderID` int NOT NULL,
  `DeliveryDate` date NOT NULL,
  `Status` enum('Pending','Delivered','Cancelled') NOT NULL DEFAULT 'Pending',
  PRIMARY KEY (`DeliveryID`),
  KEY `Order_ID_FK_idx` (`OrderID`),
  CONSTRAINT `Order_ID_FK` FOREIGN KEY (`OrderID`) REFERENCES `orders` (`OrderID`) ON DELETE CASCADE ON UPDATE CASCADE
) ENGINE=InnoDB AUTO_INCREMENT=391 DEFAULT CHARSET=utf8mb3;
/*!40101 SET character_set_client = @saved_cs_client */;

--
-- Dumping data for table `order delivery status`
--

LOCK TABLES `order delivery status` WRITE;
/*!40000 ALTER TABLE `order delivery status` DISABLE KEYS */;
INSERT INTO `order delivery status` VALUES (1,1,'2024-09-24','Delivered'),(2,2,'2024-09-24','Delivered'),(3,3,'2024-09-24','Delivered'),(4,4,'2024-08-02','Pending'),(5,5,'2024-09-24','Delivered'),(6,6,'2024-08-03','Pending'),(7,7,'2024-09-24','Delivered'),(8,8,'2024-09-24','Delivered'),(9,9,'2024-08-05','Pending'),(10,10,'2024-09-24','Delivered'),(11,11,'2024-09-24','Delivered'),(12,12,'2024-09-24','Delivered'),(13,13,'2024-09-24','Delivered'),(14,14,'2024-08-07','Pending'),(15,15,'2024-08-08','Pending'),(16,16,'2024-09-24','Delivered'),(17,17,'2024-09-24','Delivered'),(18,18,'2024-09-24','Delivered'),(19,19,'2024-09-24','Delivered'),(20,20,'2024-08-10','Pending'),(21,21,'2024-09-24','Delivered'),(22,22,'2024-08-11','Pending'),(23,23,'2024-09-24','Delivered'),(24,24,'2024-09-24','Delivered'),(25,25,'2024-08-13','Pending'),(26,26,'2024-08-13','Pending'),(27,27,'2024-09-24','Delivered'),(28,28,'2024-08-14','Pending'),(29,29,'2024-09-24','Delivered'),(30,30,'2024-09-24','Delivered'),(31,31,'2024-08-16','Pending'),(32,32,'2024-09-24','Delivered'),(33,33,'2024-08-17','Pending'),(37,37,'2024-08-19','Pending'),(38,38,'2024-08-19','Pending'),(41,41,'2024-08-21','Pending'),(43,43,'2024-08-22','Delivered'),(45,45,'2024-08-23','Delivered'),(49,49,'2024-08-25','Delivered'),(50,50,'2024-08-25','Delivered'),(104,104,'2024-09-24','Delivered'),(106,106,'2024-09-24','Delivered'),(109,109,'2024-09-24','Delivered'),(114,114,'2024-09-24','Delivered'),(115,115,'2024-09-24','Delivered'),(120,120,'2024-09-24','Delivered'),(122,122,'2024-09-24','Delivered'),(125,125,'2024-09-24','Delivered'),(126,126,'2024-09-24','Delivered'),(128,128,'2024-09-24','Delivered'),(131,131,'2024-09-24','Delivered'),(133,133,'2024-09-24','Delivered'),(137,137,'2024-09-24','Delivered'),(138,138,'2024-09-24','Delivered'),(141,141,'2024-09-24','Delivered'),(143,143,'2024-09-24','Delivered'),(145,145,'2024-09-24','Delivered'),(149,149,'2024-09-24','Delivered'),(150,150,'2024-09-24','Delivered'),(154,54,'2024-09-02','Delivered'),(156,56,'2024-09-03','Delivered'),(159,59,'2024-09-05','Delivered'),(164,64,'2024-09-07','Delivered'),(165,65,'2024-09-08','Delivered'),(170,70,'2024-09-10','Delivered'),(172,72,'2024-09-11','Delivered'),(175,75,'2024-09-13','Delivered'),(176,76,'2024-09-13','Delivered'),(178,78,'2024-09-14','Delivered'),(181,81,'2024-09-16','Delivered'),(183,83,'2024-09-17','Delivered'),(187,87,'2024-09-19','Delivered'),(188,88,'2024-09-19','Delivered'),(191,91,'2024-09-21','Delivered'),(193,93,'2024-09-22','Delivered'),(195,95,'2024-09-23','Delivered'),(199,99,'2024-09-25','Delivered'),(200,100,'2024-09-25','Delivered'),(254,54,'2024-09-02','Delivered'),(256,56,'2024-09-03','Delivered'),(259,59,'2024-09-05','Delivered'),(264,64,'2024-09-07','Delivered'),(265,65,'2024-09-08','Delivered'),(270,70,'2024-09-10','Delivered'),(272,72,'2024-09-11','Delivered'),(275,75,'2024-09-13','Delivered'),(276,76,'2024-09-13','Delivered'),(278,78,'2024-09-14','Delivered'),(281,81,'2024-09-16','Delivered'),(283,83,'2024-09-17','Delivered'),(287,87,'2024-09-19','Delivered'),(288,88,'2024-09-19','Delivered'),(291,91,'2024-09-21','Delivered'),(293,93,'2024-09-22','Delivered'),(295,95,'2024-09-23','Delivered'),(299,99,'2024-09-25','Delivered'),(300,100,'2024-09-25','Delivered');
/*!40000 ALTER TABLE `order delivery status` ENABLE KEYS */;
UNLOCK TABLES;

--
-- Table structure for table `orders`
--

DROP TABLE IF EXISTS `orders`;
/*!40101 SET @saved_cs_client     = @@character_set_client */;
/*!50503 SET character_set_client = utf8mb4 */;
CREATE TABLE `orders` (
  `OrderID` int NOT NULL AUTO_INCREMENT,
  `BookingID` varchar(10) NOT NULL,
  `MenuItemID` int NOT NULL,
  `StaffID` varchar(10) NOT NULL,
  `OrderDate` date NOT NULL,
  `Quantity` int NOT NULL,
  `TotalCost` decimal(10,2) NOT NULL,
  PRIMARY KEY (`OrderID`),
  KEY `Booking_ID_FK_idx` (`BookingID`),
  KEY `Menu_ITEM_ID_FK_idx` (`MenuItemID`),
  KEY `Staff_ID_FK_idx` (`StaffID`),
  CONSTRAINT `Booking_ID_FK` FOREIGN KEY (`BookingID`) REFERENCES `bookings` (`BookingID`) ON DELETE CASCADE ON UPDATE CASCADE,
  CONSTRAINT `Menu_Item_ID_FK` FOREIGN KEY (`MenuItemID`) REFERENCES `menus` (`MenuItemID`) ON DELETE CASCADE ON UPDATE CASCADE,
  CONSTRAINT `Staff_ID_Orders_FK` FOREIGN KEY (`StaffID`) REFERENCES `staff information` (`StaffID`) ON DELETE CASCADE ON UPDATE CASCADE
) ENGINE=InnoDB AUTO_INCREMENT=228 DEFAULT CHARSET=utf8mb3;
/*!40101 SET character_set_client = @saved_cs_client */;

--
-- Dumping data for table `orders`
--

LOCK TABLES `orders` WRITE;
/*!40000 ALTER TABLE `orders` DISABLE KEYS */;
INSERT INTO `orders` VALUES (1,'B001',1,'S003','2024-09-25',2,20.00),(2,'B002',2,'S006','2024-09-25',1,10.50),(3,'B003',3,'S012','2024-09-26',4,48.00),(4,'B051',4,'B004','2024-08-04',2,20.00),(5,'B005',5,'S017','2024-09-28',3,30.00),(6,'B051',6,'S006','2024-08-06',1,10.50),(7,'B007',7,'S055','2024-09-30',3,19.50),(8,'B008',8,'S037','2024-09-30',1,15.00),(9,'B051',9,'B009','2024-08-09',1,12.50),(10,'B010',10,'S049','2024-09-30',4,28.00),(11,'B011',1,'S003','2024-09-25',2,20.00),(12,'B012',2,'S006','2024-09-25',1,10.50),(13,'B013',3,'S012','2024-09-26',4,48.00),(14,'B051',14,'S014','2024-08-14',4,48.00),(15,'B051',15,'B015','2024-08-15',1,13.00),(16,'B015',5,'S017','2024-09-28',3,30.00),(17,'B017',7,'S055','2024-09-30',3,19.50),(18,'B018',8,'S037','2024-09-30',1,15.00),(19,'B019',10,'S049','2024-09-30',4,28.00),(20,'B051',20,'B020','2024-08-20',1,17.00),(21,'B021',1,'S003','2024-09-25',2,20.00),(22,'B051',22,'S022','2024-08-22',2,25.75),(23,'B023',2,'S006','2024-09-25',1,10.50),(24,'B024',3,'S012','2024-09-26',4,48.00),(25,'B051',25,'S025','2024-08-25',2,28.50),(26,'B051',26,'B026','2024-08-26',1,16.00),(27,'B027',5,'S017','2024-09-28',3,30.00),(28,'B051',28,'S028','2024-08-28',1,13.75),(29,'B029',8,'S037','2024-09-30',1,15.00),(30,'B030',10,'S049','2024-09-30',4,28.00),(31,'B051',31,'B031','2024-08-31',3,39.00),(32,'B017',7,'S055','2024-09-30',3,19.50),(33,'B051',33,'S033','2024-08-31',1,11.50),(37,'B051',37,'S037','2024-08-31',1,13.25),(38,'B051',38,'B038','2024-08-31',3,37.00),(41,'B051',41,'S041','2024-08-31',3,31.00),(43,'B051',43,'B043','2024-08-31',2,19.00),(45,'B051',45,'S045','2024-08-31',3,38.50),(49,'B051',49,'S049','2024-08-31',1,12.75),(50,'B051',50,'B050','2024-08-31',2,20.50),(54,'B004',4,'B004','2024-09-02',2,24.00),(56,'B006',6,'S006','2024-09-02',2,14.00),(59,'B009',9,'B009','2024-09-03',2,13.00),(64,'B014',4,'S014','2024-09-05',5,60.00),(65,'B015',5,'B015','2024-09-05',3,10.50),(70,'B020',10,'B020','2024-09-07',3,19.50),(72,'B022',2,'S022','2024-09-08',2,31.00),(75,'B025',5,'S025','2024-09-09',2,7.00),(76,'B026',6,'B026','2024-09-09',3,41.25),(78,'B028',8,'S028','2024-09-10',4,50.00),(81,'B031',1,'B031','2024-09-11',1,7.99),(83,'B033',3,'S033','2024-09-12',2,12.50),(87,'B037',7,'S037','2024-09-13',1,10.00),(88,'B038',8,'B038','2024-09-13',1,12.75),(91,'B041',1,'S041','2024-09-14',1,7.99),(93,'B043',3,'B043','2024-09-15',1,6.25),(95,'B045',5,'S045','2024-09-16',2,6.50),(99,'B049',9,'S049','2024-09-17',2,25.50),(100,'B050',10,'B050','2024-09-17',2,27.50),(104,'B004',4,'B004','2024-09-02',2,24.00),(106,'B006',6,'S006','2024-09-02',2,14.00),(109,'B009',9,'B009','2024-09-03',2,13.00),(114,'B014',4,'S014','2024-09-05',5,60.00),(115,'B015',5,'B015','2024-09-05',3,10.50),(120,'B020',10,'B020','2024-09-07',3,19.50),(122,'B022',2,'S022','2024-09-08',2,31.00),(125,'B025',5,'S025','2024-09-09',2,7.00),(126,'B026',6,'B026','2024-09-09',3,41.25),(128,'B028',8,'S028','2024-09-10',4,50.00),(131,'B031',1,'B031','2024-09-11',1,7.99),(133,'B033',3,'S033','2024-09-12',2,12.50),(137,'B037',7,'S037','2024-09-13',1,10.00),(138,'B038',8,'B038','2024-09-13',1,12.75),(141,'B041',1,'S041','2024-09-14',1,7.99),(143,'B043',3,'B043','2024-09-15',1,6.25),(145,'B045',5,'S045','2024-09-16',2,6.50),(149,'B049',9,'S049','2024-09-17',2,25.50),(150,'B050',10,'B050','2024-09-17',2,27.50),(223,'B001',1,'S006','2024-09-25',3,160.00),(224,'B002',2,'S012','2024-09-25',4,180.00),(225,'B032',3,'S003','2024-09-25',5,200.00),(226,'B034',4,'S037','2024-09-25',6,250.00),(227,'B035',5,'S041','2024-09-25',2,155.00);
/*!40000 ALTER TABLE `orders` ENABLE KEYS */;
UNLOCK TABLES;

--
-- Temporary view structure for view `ordersview`
--

DROP TABLE IF EXISTS `ordersview`;
/*!50001 DROP VIEW IF EXISTS `ordersview`*/;
SET @saved_cs_client     = @@character_set_client;
/*!50503 SET character_set_client = utf8mb4 */;
/*!50001 CREATE VIEW `ordersview` AS SELECT 
 1 AS `OrderID`,
 1 AS `Quantity`,
 1 AS `Cost`*/;
SET character_set_client = @saved_cs_client;

--
-- Table structure for table `staff information`
--

DROP TABLE IF EXISTS `staff information`;
/*!40101 SET @saved_cs_client     = @@character_set_client */;
/*!50503 SET character_set_client = utf8mb4 */;
CREATE TABLE `staff information` (
  `StaffID` varchar(10) NOT NULL,
  `FirstName` varchar(50) NOT NULL,
  `LastName` varchar(50) NOT NULL,
  `Role` varchar(50) NOT NULL,
  `Address` varchar(255) DEFAULT NULL,
  `Contact Number` varchar(15) DEFAULT NULL,
  `Email` varchar(255) DEFAULT NULL,
  `Salary` varchar(20) DEFAULT NULL,
  PRIMARY KEY (`StaffID`)
) ENGINE=InnoDB DEFAULT CHARSET=utf8mb3;
/*!40101 SET character_set_client = @saved_cs_client */;

--
-- Dumping data for table `staff information`
--

LOCK TABLES `staff information` WRITE;
/*!40000 ALTER TABLE `staff information` DISABLE KEYS */;
INSERT INTO `staff information` VALUES ('B004','Emily','Johnson','Bartender','132 Bay Lane, Chicago, IL','708-872-3467','emily.j@littlelemon.com','$33,000.00'),('B009','Laura','Wilson','Bartender','879 Sage Street, West Loop, Chicago, IL','708-798-7652','laura.w@littlelemon.com','$31,000.00'),('B015','Mia','Hall','Bartender','879 Sage Street, West Loop, Chicago, IL','708-194-6846','mia.h@littlelemon.com','$30,000.00'),('B020','Lucas','Robinson','Bartender','334 Dill Square, Lincoln Park, Chicago, IL','708-299-2567','lucas.r@littlelemon.com','$29,000.00'),('B026','Natalie','Mitchell','Bartender','334 Dill Square, Lincoln Park, Chicago, IL','708-841-6668','natalie.m@littlelemon.com','$30,500.00'),('B031','Jackson','Gonzalez','Bartender','724 Parsley Lane, Old Town, Chicago, IL','708-233-9427','jackson.g@littlelemon.com','$28,000.00'),('B038','Harper','Bennett','Bartender','334 Dill Square, Lincoln Park, Chicago, IL','708-154-1284','harper.b@littlelemon.com','$27,500.00'),('B043','Isabella','Russell','Bartender','724 Parsley Lane, Old Town, Chicago, IL','708-831-6300','isabella.r@littlelemon.com','$29,000.00'),('B050','Ethan','Price','Bartender','334 Dill Square, Lincoln Park, Chicago, IL','708-063-8852','ethan.p@littlelemon.com','$27,500.00'),('C007','Jessica','Hernandez','Assistant Chef','724 Parsley Lane, Old Town, Chicago, IL','630-440-9250','jessica.h@littlelemon.com','$50,000.00'),('C011','Sophia','Anderson','Head Chef','989 Thyme Square, EdgeWater, Chicago, IL','630-028-5488','sophia.a@littlelemon.com','$65,000.00'),('C016','Ethan','Young','Head Chef','132 Bay Lane, Chicago, IL','630-840-1463','ethan.y@littlelemon.com','$65,000.00'),('C021','Olivia','Evans','Assistant Chef','879 Sage Street, West Loop, Chicago, IL','630-385-1546','olivia.e@littlelemon.com','$55,000.00'),('C027','Nathan','Torres','Assistant Chef','879 Sage Street, West Loop, Chicago, IL','630-809-0447','nathan.t@littlelemon.com','$57,000.00'),('C032','Victoria','Hughes','Assistant Chef','334 Dill Square, Lincoln Park, Chicago, IL','630-011-2308','victoria.h@littlelemon.com','$59,000.00'),('C036','Lily','James','Assistant Chef','245 Dill Square, Lincoln Park, Chicago, IL','630-627-4372','lily.j@littlelemon.com','$60,000.00'),('C040','Ella','Sanders','Assistant Chef','132 Bay Lane, Chicago, IL','630-037-6401','ella.s@littlelemon.com','$61,000.00'),('C044','Daniel','Diaz','Assistant Chef','334 Dill Square, Lincoln Park, Chicago, IL','630-656-3907','daniel.d@littlelemon.com','$58,000.00'),('C048','Michael','Wright','Assistant Chef','245 Dill Square, Lincoln Park, Chicago, IL','630-999-0212','michael.w@littlelemon.com','$62,000.00'),('C053','Giorgos','Dioudis','Head Chef','879 Sage Street, West Loop, Chicago, IL','351-970-5821','Giorgos.d@littlelemon.com','$65,000.00'),('C054','Fatma','Kaya','Assistant Chef','132 Bay Lane, Chicago, IL','351-963-5694','Fatma.k@littlelemon.com','$45,000.00'),('H005','Sarah','Davis','Host','989 Thyme Square, EdgeWater, Chicago, IL','815-115-5375','sarah.d@littlelemon.com','$25,000.00'),('H010','Daniel','Lopez','Host','132 Bay Lane, Chicago, IL','815-432-8650','daniel.l@littlelemon.com','$24,000.00'),('H018','Henry','Scott','Host','245 Dill Square, Lincoln Park, Chicago, IL','815-458-4376','henry.s@littlelemon.com','$23,000.00'),('H023','Charlotte','Collins','Host','989 Thyme Square, EdgeWater, Chicago, IL','815-282-5297','charlotte.c@littlelemon.com','$26,000.00'),('H029','Michael','Diaz','Host','989 Thyme Square, EdgeWater, Chicago, IL','815-853-7217','michael.d@littlelemon.com','$22,000.00'),('H034','Amelia','Flores','Host','132 Bay Lane, Chicago, IL','815-147-0353','amelia.f@littlelemon.com','$21,000.00'),('H039','Joseph','Wood','Host','879 Sage Street, West Loop, Chicago, IL','815-180-5155','joseph.w@littlelemon.com','$20,000.00'),('H046','Liam','Griffin','Host','132 Bay Lane, Chicago, IL','815-810-7949','liam.g@littlelemon.com','$18,000.00'),('H056','John','Millar','Host','245 Dill Square, Lincoln Park, Chicago, IL','351-584-5085','John.m@littlelemon.com','$35,000.00'),('M001','John','Doe','Head Manager','724 Parsley Lane, Old Town, Chicago, IL','312-390-1034','john.d@littlelemon.com','$75,000.00'),('M002','Jane','Smith','Head Manager','334 Dill Square, Lincoln Park, Chicago, IL','312-345-4177','jane.s@littlelemon.com','$75,000.00'),('M008','James','Garcia','Head Manager','334 Dill Square, Lincoln Park, Chicago, IL','312-303-7416','james.g@littlelemon.com','$75,000.00'),('M013','Ava','Lewis','Assistant Manager','724 Parsley Lane, Old Town, Chicago, IL','312-240-2744','ava.l@littlelemon.com','$63,000.00'),('M019','Grace','Perez','Assistant Manager','724 Parsley Lane, Old Town, Chicago, IL','312-812-7471','grace.p@littlelemon.com','$65,000.00'),('M024','Mason','Reyes','Assistant Manager','245 Dill Square, Lincoln Park, Chicago, IL','312-801-4183','mason.r@littlelemon.com','$66,000.00'),('M030','Ella','Howard','Assistant Manager','245 Dill Square, Lincoln Park, Chicago, IL','312-048-0757','ella.h@littlelemon.com','$68,000.00'),('M035','William','Harrison','Assistant Manager','989 Thyme Square, EdgeWater, Chicago, IL','312-734-5660','william.h@littlelemon.com','$70,000.00'),('M042','Madison','Perry','Assistant Manager','245 Dill Square, Lincoln Park, Chicago, IL','312-348-1756','madison.p@littlelemon.com','$72,000.00'),('M047','Charlotte','Sullivan','Assistant Manager','989 Thyme Square, EdgeWater, Chicago, IL','312-541-3250','charlotte.s@littlelemon.com','$74,000.00'),('M051','Mario','Gollini','Head Manager','724, Parsley Lane, Old Town, Chicago, IL','351-258-0745','Mario.g@littlelemon.com','$75,000.00'),('M052','Adrian','Gollini','Assistant Manager','334, Dill Square, Lincoln Park, Chicago, IL','351-474-0487','Adrian.g@littlelemon.com','$65,000.00'),('S003','Michael','Brown','Head Server','879 Sage Street, West Loop, Chicago, IL','773-051-0055','michael.b@littlelemon.com','$40,000.00'),('S006','David','Martinez','Server','245 Dill Square, Lincoln Park, Chicago, IL','773-341-0927','david.m@littlelemon.com','$36,000.00'),('S012','Matthew','Clark','Head Server','245 Dill Square, Lincoln Park, Chicago, IL','773-657-6428','matthew.c@littlelemon.com','$41,000.00'),('S014','Liam','Walker','Server','334 Dill Square, Lincoln Park, Chicago, IL','773-650-4292','liam.w@littlelemon.com','$32,000.00'),('S017','Zoe','King','Head Server','989 Thyme Square, EdgeWater, Chicago, IL','773-211-6186','zoe.k@littlelemon.com','$40,000.00'),('S022','Benjamin','Edwards','Server','132 Bay Lane, Chicago, IL','773-618-6274','benjamin.e@littlelemon.com','$37,000.00'),('S025','Aiden','Carter','Server','724 Parsley Lane, Old Town, Chicago, IL','773-687-1806','aiden.c@littlelemon.com','$38,000.00'),('S028','Sofia','Rivera','Server','132 Bay Lane, Chicago, IL','773-796-8486','sofia.r@littlelemon.com','$34,000.00'),('S033','Samuel','Fernandez','Server','879 Sage Street, West Loop, Chicago, IL','773-118-9006','samuel.f@littlelemon.com','$36,000.00'),('S037','Noah','Green','Server','724 Parsley Lane, Old Town, Chicago, IL','773-305-2139','noah.g@littlelemon.com','$34,000.00'),('S041','David','Price','Server','989 Thyme Square, EdgeWater, Chicago, IL','773-088-5230','david.p@littlelemon.com','$38,000.00'),('S045','Natalie','Simmons','Server','879 Sage Street, West Loop, Chicago, IL','773-985-7532','natalie.s@littlelemon.com','$37,000.00'),('S049','Sofia','Butler','Server','724 Parsley Lane, Old Town, Chicago, IL','773-108-4776','sofia.b@littlelemon.com','$39,000.00'),('S055','Elena','Salvai','Head Server','989 Thyme Square, EdgeWater, Chicago, IL','351-074-1981','Elena.s@littlelemon.com','$42,000.00');
/*!40000 ALTER TABLE `staff information` ENABLE KEYS */;
UNLOCK TABLES;

--
-- Final view structure for view `ordersview`
--

/*!50001 DROP VIEW IF EXISTS `ordersview`*/;
/*!50001 SET @saved_cs_client          = @@character_set_client */;
/*!50001 SET @saved_cs_results         = @@character_set_results */;
/*!50001 SET @saved_col_connection     = @@collation_connection */;
/*!50001 SET character_set_client      = cp850 */;
/*!50001 SET character_set_results     = cp850 */;
/*!50001 SET collation_connection      = cp850_general_ci */;
/*!50001 CREATE ALGORITHM=UNDEFINED */
/*!50013 DEFINER=`admin2`@`%` SQL SECURITY DEFINER */
/*!50001 VIEW `ordersview` AS select `orders`.`OrderID` AS `OrderID`,`orders`.`Quantity` AS `Quantity`,`orders`.`TotalCost` AS `Cost` from `orders` where (`orders`.`Quantity` > 2) */;
/*!50001 SET character_set_client      = @saved_cs_client */;
/*!50001 SET character_set_results     = @saved_cs_results */;
/*!50001 SET collation_connection      = @saved_col_connection */;
/*!40103 SET TIME_ZONE=@OLD_TIME_ZONE */;

/*!40101 SET SQL_MODE=@OLD_SQL_MODE */;
/*!40014 SET FOREIGN_KEY_CHECKS=@OLD_FOREIGN_KEY_CHECKS */;
/*!40014 SET UNIQUE_CHECKS=@OLD_UNIQUE_CHECKS */;
/*!40101 SET CHARACTER_SET_CLIENT=@OLD_CHARACTER_SET_CLIENT */;
/*!40101 SET CHARACTER_SET_RESULTS=@OLD_CHARACTER_SET_RESULTS */;
/*!40101 SET COLLATION_CONNECTION=@OLD_COLLATION_CONNECTION */;
/*!40111 SET SQL_NOTES=@OLD_SQL_NOTES */;

-- Dump completed on 2024-09-25  0:28:01
